student_id,name,class_label,school_name,performance_score,session_count,current_topic,education_level,age_band,credits_studied,imd_band,region_code,grade_history_math,grade_history_science,grade_history_english,grade_history_history
STU001,Segun Ibrahim,JSS1A,LAGOS MODEL SCHOOL,0.42,22,Math,1.0,1.7,5.2,0.22,1.5,0.42;0.36;0.48,,,
STU002,Bola Nwosu,JSS1A,LAGOS MODEL SCHOOL,0.44,30,Science,1.0,1.8,5.4,0.4,1.8,,0.32;0.29;0.26;0.18,,
STU003,Gbenga Igwe,JSS1A,LAGOS MODEL SCHOOL,0.27,14,English,1.0,1.9,5.2,0.62,1.2,,,0.35;0.42;0.5,
STU004,Kunle Adekunle,JSS1B,LAGOS MODEL SCHOOL,0.39,13,Math,1.0,1.4,5.2,0.3,4.6,0.38;0.46;0.45,,,
STU005,Biodun Adekunle,JSS1B,LAGOS MODEL SCHOOL,0.67,30,English,1.0,1.1,4.8,0.24,5.6,,,0.78;0.81;0.74;1.0;0.75,
STU006,Wale Chidebe,JSS1B,LAGOS MODEL SCHOOL,0.54,23,History,1.0,1.3,4.7,0.8,1.7,,,,0.42;0.34;0.47;0.59
STU007,Emeka Aliyu,JSS1B,LAGOS MODEL SCHOOL,0.46,22,Math,1.0,2.0,5.4,0.27,5.4,0.54;0.5;0.4;0.24,,,
STU008,Ruth Balogun,JSS2A,LAGOS MODEL SCHOOL,0.6,25,Science,2.0,2.1,8.6,0.66,3.7,,0.73;0.72;0.57;0.64;1.0,,
STU009,Bola Nnamdi,JSS2A,LAGOS MODEL SCHOOL,0.4,28,History,2.0,2.6,11.3,0.79,3.7,,,,0.29;0.3;0.19
STU010,Obiageli Okafor,JSS2A,LAGOS MODEL SCHOOL,0.76,27,English,2.0,2.8,9.6,0.6,2.9,,,0.75;0.66;0.55;0.78;0.82,
STU011,Obinna Ugwu,JSS2A,LAGOS MODEL SCHOOL,0.33,15,Math,2.0,2.1,10.1,0.37,3.4,0.22;0.23;0.21;0.39;0.47,,,
STU012,Niyi Akinwale,JSS2B,LAGOS MODEL SCHOOL,0.6,6,Math,2.0,2.4,8.2,0.64,5.0,0.52;0.51;0.49,,,
STU013,Wale Obiora,JSS2B,LAGOS MODEL SCHOOL,0.8,22,Math,2.0,2.4,8.2,0.8,5.2,0.93;0.86;0.92,,,
STU014,Tobi Ibekwe,JSS2B,LAGOS MODEL SCHOOL,0.52,13,History,2.0,2.4,9.1,0.62,4.7,,,,0.57;0.51;0.46;0.3;0.76
STU015,Ngozi Nnamdi,SSS1A,LAGOS MODEL SCHOOL,0.78,10,Math,4.0,4.5,23.7,0.25,1.9,0.65;0.63;0.83;0.69;0.71,,,
STU016,Emeka Akinwale,SSS1A,LAGOS MODEL SCHOOL,0.69,13,Science,4.0,4.6,21.4,0.39,2.3,,0.74;0.7;0.84,,
STU017,Gbenga Ogundele,SSS1A,LAGOS MODEL SCHOOL,0.76,11,English,4.0,5.0,17.1,0.41,1.3,,,0.72;0.79;0.8,
STU018,Zainab Chukwuemeka,SSS1B,LAGOS MODEL SCHOOL,0.9,13,Math,4.0,4.1,23.1,0.65,1.8,0.93;0.87;0.99;0.79,,,
STU019,Ifeanyi Adegoke,SSS1B,LAGOS MODEL SCHOOL,0.78,13,Math,4.0,4.1,16.0,0.66,4.2,0.68;0.72;0.7;0.45,,,
STU020,Mercy Ibekwe,SSS1B,LAGOS MODEL SCHOOL,0.53,22,Science,4.0,4.0,19.4,0.23,2.8,,0.65;0.6;0.49,,
STU021,Esther Adeyemi,JSS1A,ABUJA PREP ACADEMY,0.6,30,Science,1.0,1.2,5.8,0.21,4.7,,0.68;0.72;0.78;0.53,,
STU022,Obinna Okonkwo,JSS1A,ABUJA PREP ACADEMY,0.45,11,History,1.0,1.0,4.7,0.69,5.4,,,,0.31;0.27;0.45
STU023,Yetunde Eze,JSS1A,ABUJA PREP ACADEMY,0.65,22,English,1.0,1.4,5.9,0.27,5.9,,,0.67;0.58;0.71,
STU024,Ikenna Afolabi,JSS1A,ABUJA PREP ACADEMY,0.4,23,Science,1.0,2.0,4.5,0.63,1.0,,0.46;0.5;0.33;0.41;0.82,,
STU025,Grace Obiora,JSS2A,ABUJA PREP ACADEMY,0.45,26,History,2.0,2.9,9.3,0.62,3.8,,,,0.43;0.46;0.59
STU026,Folake Aliyu,JSS2A,ABUJA PREP ACADEMY,0.55,18,English,2.0,2.0,9.9,0.47,2.1,,,0.64;0.69;0.7;0.51,
STU027,Amina Afolabi,JSS2A,ABUJA PREP ACADEMY,0.38,14,Science,2.0,3.0,11.2,0.29,1.2,,0.41;0.4;0.57;0.46,,
STU028,Chioma Mohammed,JSS2A,ABUJA PREP ACADEMY,0.58,29,Math,2.0,2.1,11.1,0.33,5.0,0.59;0.54;0.72;0.56;0.83,,,
STU029,Joy Nwosu,SSS1A,ABUJA PREP ACADEMY,0.72,22,History,4.0,4.7,23.2,0.65,3.4,,,,0.8;0.75;0.91;0.79
STU030,Gbenga Abubakar,SSS1A,ABUJA PREP ACADEMY,0.72,22,Math,4.0,4.2,17.1,0.34,4.5,0.63;0.6;0.62;0.37;0.9,,,
STU031,Chidi Adeleke,SSS1A,ABUJA PREP ACADEMY,0.91,23,History,4.0,4.0,19.8,0.77,2.5,,,,1.0;1.0;1.0;1.0
STU032,Bola Mohammed,SSS1A,ABUJA PREP ACADEMY,0.48,15,History,4.0,4.4,21.8,0.7,5.6,,,,0.49;0.51;0.56;0.24;0.43
STU033,Segun Aliyu,SSS2A,ABUJA PREP ACADEMY,0.63,17,English,5.0,5.5,27.5,0.7,2.3,,,0.62;0.53;0.8,
STU034,Emeka Ogundipe,SSS2A,ABUJA PREP ACADEMY,0.79,12,Science,5.0,5.0,28.4,0.57,2.2,,0.84;0.78;0.92;1.0,,
STU035,Jide Chidebe,SSS2A,ABUJA PREP ACADEMY,0.73,14,Math,5.0,5.8,25.8,0.76,3.9,0.7;0.61;0.78;0.78,,,
STU036,Chidi Chukwuemeka,SSS2A,ABUJA PREP ACADEMY,0.77,23,Math,5.0,5.6,23.5,0.46,2.9,0.81;0.8;0.81;0.77;0.7,,,
STU037,Obiageli Balogun,JSS1A,PORT HARCOURT COLLEGE,0.55,30,History,1.0,2.0,4.9,0.7,4.0,,,,0.66;0.57;0.81;0.5
STU038,Jide Adebanjo,JSS1A,PORT HARCOURT COLLEGE,0.52,10,History,1.0,1.0,4.4,0.68,2.7,,,,0.58;0.48;0.76;0.33;0.76
STU039,Chidi Ibrahim,JSS1A,PORT HARCOURT COLLEGE,0.57,30,Math,1.0,1.6,4.2,0.33,4.5,0.62;0.63;0.56;0.92,,,
STU040,Nneka Olaniyan,JSS1A,PORT HARCOURT COLLEGE,0.43,28,Science,1.0,1.3,4.6,0.65,5.8,,0.34;0.33;0.43;0.62;0.36,,
STU041,Victoria Okafor,JSS2A,PORT HARCOURT COLLEGE,0.46,27,Science,2.0,2.4,9.1,0.78,3.8,,0.59;0.64;0.43;0.3;0.42,,
STU042,Biodun Balogun,JSS2A,PORT HARCOURT COLLEGE,0.81,8,Math,2.0,2.3,9.6,0.24,4.1,0.71;0.8;0.54,,,
STU043,Demola Ogundipe,JSS2A,PORT HARCOURT COLLEGE,0.57,29,History,2.0,2.6,9.8,0.47,5.3,,,,0.51;0.53;0.61;0.78
STU044,Dapo Ogundimu,JSS2A,PORT HARCOURT COLLEGE,0.57,7,Science,2.0,2.2,8.0,0.47,4.0,,0.43;0.39;0.57;0.17,,
STU045,Deborah Suleiman,JSS3A,PORT HARCOURT COLLEGE,0.76,18,Math,3.0,3.7,15.3,0.59,5.5,0.63;0.59;0.73,,,
STU046,Folake Nwosu,JSS3A,PORT HARCOURT COLLEGE,0.53,13,History,3.0,3.7,14.6,0.56,5.4,,,,0.48;0.39;0.66;0.68;0.54
STU047,Ruth Adebanjo,JSS3A,PORT HARCOURT COLLEGE,0.79,10,History,3.0,3.6,15.1,0.47,2.4,,,,0.77;0.86;0.76;0.72;0.63
STU048,Amara Akinwale,SSS1A,PORT HARCOURT COLLEGE,0.83,29,Math,4.0,4.3,19.6,0.39,2.6,0.94;0.84;1.0;0.92,,,
STU049,Bankole Eze,SSS1A,PORT HARCOURT COLLEGE,0.71,6,Science,4.0,4.5,18.1,0.28,2.4,,0.71;0.73;0.83;0.83;0.55,,
STU050,Yemi Abubakar,SSS1A,PORT HARCOURT COLLEGE,0.5,8,Science,4.0,4.8,20.0,0.63,3.5,,0.47;0.47;0.46;0.26,,
STU051,Halima Chidebe,SSS2A,PORT HARCOURT COLLEGE,0.81,30,History,5.0,5.9,23.4,0.67,2.3,,,,0.74;0.76;0.94
STU052,Kola Nwosu,SSS2A,PORT HARCOURT COLLEGE,0.75,22,History,5.0,5.3,24.6,0.39,1.9,,,,0.67;0.74;0.64;0.56;0.65
STU053,Chioma Aliyu,SSS2A,PORT HARCOURT COLLEGE,0.93,9,History,5.0,5.8,29.6,0.28,5.8,,,,1.0;1.0;1.0;1.0
STU054,Kunle Adeyemi,SSS3A,PORT HARCOURT COLLEGE,0.58,24,History,6.0,6.8,31.8,0.71,5.3,,,,0.54;0.59;0.65;0.77;0.17
STU055,Kunle Adebanjo,SSS3A,PORT HARCOURT COLLEGE,0.97,18,Math,6.0,7.0,33.1,0.62,1.5,1.0;0.94;1.0,,,
STU056,Lanre Akinwale,SSS3A,PORT HARCOURT COLLEGE,0.66,30,Science,6.0,6.5,26.0,0.25,5.4,,0.71;0.73;0.61;0.8;0.68,,
